Product ID,Qty,Min Qty
"3DS XL, 3DS , 2DS , NDSi , DSi XL LL USB Charging Cable",0,100
62 Black Ink Cartridge,21,100
62 Tri Color Ink Cartridge,21,100
Battery For HP OfficeJet 250,20,100
Bose SoundSport Original Wireless Bluetooth,0,100
Bubble Bags,0,100
Controller Cover Caps Gray,0,100
CS540 Headset,0,100
Dell Latitude E7470 - I5 -6300U,15,100
Dell Optiplex 9020 I7-4770,8,100
EyeGlass Space For MetaQuest 2,500,100
Face Pad For MetaQuest 2,375,100
Face Pad For MetaQuest 3,280,100
Google Nest Camera Gen 2 Battery,5,100
"Google Router 1 Pack NLS-1304-25, 3DS XL",0,100
Google WiFi Home Mesh Sytem NLS-1304-25,0,100
Hdmi Cable - 3 FT,0,100
Head Strap For MetaQuest 2,500,100
Head Strap For MetaQuest 3,184,100
Horizon VR Call of The Mountain Game Digital,5,100
HP OFFICEJET 250 MOBILE NO BATTERY,0,100
Intel Core i5 - 6500 Desktop CPU Processor - SR2L6,0,100
Lens Spacer for Meta Oculus Quest 2,500,100
Mario Kart Game for Nintendo 64,0,100
MasterPack 10,0,100
MasterPack 14,0,100
MasterPack 12,0,100
Meta Oculus 3S 128GB Standalone VR Headset,0,100
Meta Oculus 3S OEM Remote Left,0,100
Meta Oculus 3S OEM Remote Right,0,100
Meta Oculus Pro 256GB Standalone VR Headset,0,100
Meta Oculus Pro Remote Left,0,100
Meta Oculus Pro Remote Right,0,100
Meta Oculus Quest 2 128GB Standalone VR Headset - White,0,100
Meta Oculus Quest 2 250GB Standalone VR Headset - White,0,100
Meta Oculus Quest 3 128GB Standalone VR Headset - White,0,100
Meta Oculus Quest 3 512GB Standalone VR Headset - White,0,100
Meta Quest 2 OEM Controller Left,0,100
Meta Quest 2 OEM Controller Right,0,100
Meta Quest 3 OEM Controller Left,0,100
Meta Quest 3 OEM Controller Right,0,100
Micro USB Cable - 3FT,3141,100
Microsoft XBOX 360 100GB Slim Console,0,100
Microsoft XBOX 360 320GB Slim Console,0,100
Microsoft XBOX 360 4GB Slim Console,46,100
Microsoft Xbox 360 Console,0,100
Microsoft Xbox 360 OEM Controller - Black,0,100
Microsoft Xbox 360 OEM Controller - Black / White,0,100
Microsoft Xbox 360 OEM Controller - Black/Gray,0,100
Microsoft Xbox 360 OEM Controller - Blue / Turquoise,0,100
Microsoft Xbox 360 OEM Controller - Chrome / Silver,0,100
Microsoft Xbox 360 OEM Controller - Clear / Blue (HALO),0,100
Microsoft Xbox 360 OEM Controller - Gray / Black (MW3),0,100
Microsoft Xbox 360 OEM Controller - Olive Green,0,100
Microsoft Xbox 360 OEM Controller - Pink,0,100
Microsoft Xbox 360 OEM Controller - Red and Black,0,100
Microsoft Xbox 360 OEM Controller - Red chrome,0,100
Microsoft Xbox 360 OEM Controller - Silver,0,100
Microsoft Xbox 360 OEM Controller - Special edition (HALO),0,100
Microsoft Xbox 360 OEM Controller - White / Black,0,100
Microsoft XBOX 360 Slim Console,0,100
Microsoft XBOX 360 Slim Console - NO HDD,0,100
Mini USB Cable for PS3,5208,100
Netgear CM1100 Modem,0,100
NETGEAR Nighthawk C6900 Modem,0,100
Netgear Nighthawk M1 Mobile Hotspot,0,100
Nintendo 3DS - Cosmo Black,0,100
Nintendo 3DS Aqua Blue,0,100
Nintendo 3DS Black,0,100
Nintendo 3DS Blue/Black,0,100
Nintendo 3DS Cobalt Blue,0,100
Nintendo 3DS Flame Red,0,100
Nintendo 3DS Ice White,0,100
Nintendo 3DS Metallic Red,0,100
Nintendo 3DS Misty Pink,0,100
Nintendo 3DS XL - Pink/White,0,100
Nintendo 3DS XL - Red/Black,0,100
Nintendo 64 Av Cable,148,100
Nintendo 64 Console Only,0,100
Nintendo 64 Controller - Gray,146,100
Nintendo 64 Controller Blue,220,100
Nintendo 64 Controller Red,220,100
Nintendo 64 Memory Card,218,100
Nintendo 64 OEM Controller - Gray,0,100
Nintendo 64 Power Adapter,33,100
Nintendo 64 To HDMI Video Adapter,268,100
Nintendo DS Lite - Black,7,100
Nintendo DS Lite - Cobalt Blue,0,100
Nintendo DS Lite - Crimson,0,100
Nintendo DS Lite - Dark Blue,0,100
Nintendo DS Lite - Enamel Blue,0,100
Nintendo DS Lite - Light Blue,0,100
Nintendo DS Lite - Pink,0,100
Nintendo DS Lite - Silver,0,100
Nintendo DS Lite - White,8,100
Nintendo DS Original - Titanium Silver,26,100
Nintendo DSi Handheld System Console - Black,7,100
Nintendo DSi Handheld System Console - Pink,3,100
Nintendo DSi Handheld System Console - White,5,100
Nintendo GameCube AC Adapter,0,100
Nintendo GameCube AV Cable,0,100
Nintendo GameCube Console - Black,0,100
Nintendo GameCube Console - Silver,1,100
Nintendo GameCube Controller - Black,0,100
Nintendo GameCube Controller - Silver,0,100
Nintendo NES Console Gray,24,100
Nintendo NES OEM Controller,0,100
Nintendo NES OEM Zapper Gun,0,100
Nintendo Switch Charging Dock,0,100
Nintendo Switch Dock Set - New,0,100
Nintendo Switch Joy-Con Cover - Gray,0,100
Nintendo Switch Joy-Con Grip,0,100
Nintendo Switch Lite - Lite Blue,0,100
Nintendo Switch Lite - Lite Coral,0,100
Nintendo Switch Lite - Lite Gray,0,100
Nintendo Switch Lite - Turquoise,0,100
Nintendo Switch Lite - Yellow,0,100
Nintendo Switch Lite Power Adapter,0,100
Nintendo Switch Power Adapter,0,100
Nintendo Switch Power Adapter OEM,0,100
Nintendo Switch V2 Console,4,100
Nintendo Switch V2 With Black - Turquoise Joy-Con,0,100
Nintendo Switch V2 With Black and Black Joy-Con,0,100
Nintendo Switch V2 With Black and Neon Blue Joy-Con,1,100
Nintendo Switch V2 With Black and Neon Fuchsia Joy-Con,0,100
Nintendo Switch V2 With Black and Neon Red Joy-Con,0,100
Nintendo Switch V2 With Black and White Joy-Con,0,100
Nintendo Switch V2 With Green and Red Joy-Con,0,100
Nintendo Switch V2 With Neon Blue and Black Joy-Con,0,100
Nintendo Switch V2 With Neon Blue and Neon Red Joy-Con,0,100
Nintendo Switch V2 With Neon Blue Joy-Con,0,100
Nintendo Switch V2 With Neon Fuchsia and White Joy-Con,0,100
Nintendo Switch V2 With Neon Green and Neon Red Joy-Con,5,100
Nintendo Switch V2 With Neon Green and White Joy-Con,0,100
Nintendo Switch V2 With Neon Red and Neon Orange Joy-Con,0,100
Nintendo Switch V2 With Red and Yellow Joy-Con,0,100
Nintendo Switch V2 With White and White Joy-Con,0,100
Nintendo Switch V2 With with Gray Joy-Con,3,100
Nintendo Wii Console - Black,36,100
Nintendo Wii Console - Blue,0,100
Nintendo Wii Console - Red,0,100
Nintendo Wii Console - White,112,100
Nintendo Wii Game Cub AC Adapter,0,100
Nintendo Wii Mini - Red,9,100
Nintendo Wii U Console - Black,98,100
Nintendo Wii U Console - White,2,100
Nintendo Wii U Console AC Power Adapter,0,100
Nintendo Wii U Gamepad - Black,0,100
Nintendo Wii U Gamepad - White,0,100
Nintendo Wii U Gamepad AC Power Adapter,1005,100
Nintendo Wii U GamePad console Black,27,100
2 Prong Cables,394,100
PS3 Slim Console 320GB - Red,0,100
PS3 Slim Console 320GB - Silver,0,100
PS3 Slim Console 320GB - White,0,100
Playstation 4 Controller Charging Dock,180,100
Playstation 4 Headset,89,100
Power Adapter For Nintendo DS Lite,250,100
Power Adapter For Nintendo DS Original,0,100
PS1 AV Cables,0,100
PS1 Console - Silver,211,100
PS1 Controller Wired Generic - Gray,0,100
PS1 Generic Controller,0,100
PS1 Mini - White,0,100
PS1 OEM Controller,0,100
PS1 Power Adapter,0,100
PS2 AC Adapter,1415,100
PS2 AV Cables,1756,100
PS2 Controller OEM,0,100
PS2 Controller Wired Generic - Black,60,100
PS2 Controller Wired Generic - Silver,168,100
Playstation 2 Wireless Controller,500,100
PS2 Fat Console,0,100
PS2 Fat Console - Blue,0,100
PS2 Fat Console - Silver,0,100
PS2 Fat Rubber Feet,800,100
PS2 Slim Console Only - Black,6,100
PS2 Slim Console Only - Pink,0,100
PS2 Slim Console Only - Silver,0,100
PS2 Slim Console Only - White,26,100
PS3 160GB Hard Drive Generic,0,100
PS3 1TB Hard Drive Generic,0,100
PS3 250GB Hard Drive Generic,3,100
PS3 600GB Hard Drive Generic,1,100
PS3 Controller Generic - Black,1815,100
PS3 Controller OEM - Black,0,100
PS3 Controller OEM - Black/Purple,0,100
PS3 Controller OEM - Blue,0,100
PS3 Controller OEM - Green Camo,0,100
PS3 Controller OEM - Pink,0,100
PS3 Controller OEM - Red,0,100
PS3 Controller OEM - Silver,0,100
PS3 Controller OEM - White,0,100
PS3 ControllerOEM - White/Black,0,100
PS3 Controllers Generic,0,100
PS3 Fat 160GB Console,0,100
PS3 Fat 80GB Console,2,100
PS3 Fat Console Only,0,100
PS3 Original 160GB,0,100
PS3 Original 40GB,0,100
PS3 Original 80GB,0,100
PS3 Slim 1TB,0,100
PS3 Slim 240GB,0,100
PS3 Slim 250GB,0,100
PS3 Slim 500GB,0,100
PS3 Slim Black Shell,0,100
PS3 Slim Console,0,100
PS3 Slim Console 120GB,1,100
PS3 Slim Console 160GB,0,100
PS3 Slim Console 250GB - Black,0,100
PS3 Slim Console 320GB,0,100
PS3 Slim Console 320GB - Red,0,100
PS3 Slim Console 320GB - Silver,0,100
PS3 Slim Console 320GB - White,0,100
PS3 Slim Rubber Feet,0,100
PS3 Super Slim 120GB Console,0,100
PS3 Super Slim 12GB,0,100
PS3 Super Slim 1TB Console,0,100
PS3 Super Slim 250GB,0,100
PS3 Super Slim 250GB Console - White,4,100
PS3 Super Slim 320GB - Silver,0,100
PS3 Super Slim 320GB Console,0,100
PS3 Super Slim 500GB,0,100
PS3 Super Slim 500GB - Red,1,100
PS3 Super Slim 500GB - White,5,100
PS3 Super Slim 750GB Console,0,100
PS4 500GB Console,0,100
PS4 500GB Console - Gray,0,100
PS4 500GB Console - Uncharted 4 Limited Edition,1,100
PS4 500GB Console - White,4,100
PS4 500GB Hard Drive Generic,55,100
PS4 Console - Black,0,100
PS4 Controller Generic - Black,1834,100
PS4 Controller Generic - White,0,100
PS4 Controller OEM - Black,5,100
PS4 Controller OEM - Black W/Gold Buttons,0,100
PS4 Controller OEM - Black W/Red Buttons,0,100
PS4 Controller OEM - Black/Green,0,100
PS4 Controller OEM - Black/Multicolor,0,100
PS4 Controller OEM - Black/Multicolor,0,100
PS4 Controller OEM - Blue,0,100
PS4 Controller OEM - Blue Camo,1,100
PS4 Controller OEM - Blue/Black,0,100
PS4 Controller OEM - Bronze,0,100
PS4 Controller OEM - Clear,0,100
PS4 Controller OEM - Clear Blue,0,100
PS4 Controller OEM - Gold,0,100
PS4 Controller OEM - Gray,0,100
PS4 Controller OEM - Green Camo,0,100
PS4 Controller OEM - Green/Black,0,100
PS4 Controller OEM - Green/White,0,100
PS4 Controller OEM - Midnight Blue,0,100
PS4 Controller OEM - Orange/Purple,0,100
PS4 Controller OEM - Purple,0,100
PS4 Controller OEM - Red,0,100
PS4 Controller OEM - Red Camo,0,100
PS4 Controller OEM - Red/Green,0,100
PS4 Controller OEM - Red/White Buttons,0,100
PS4 Controller OEM - Rose Gold,0,100
PS4 Controller OEM - Silver,0,100
PS4 Controller OEM - Silver/Black,0,100
PS4 Controller OEM - Silver/White,0,100
PS4 Controller OEM - Teal/Purple,0,100
PS4 Controller OEM - Titanium Blue,0,100
PS4 Controller OEM - White,0,100
PS4 Controller OEM - White Camo,0,100
PS4 Hard Drive Caddy Generic,0,100
PS4 Hard Drive Slot Cover Black,0,100
PS4 Original 1TB Console - Black,1,100
PS4 Original 1TB Console - White,0,100
PS4 Original 320GB Console - Black,0,100
PS4 500GB Console,2,100
PS4 Original 750GB Console - Black,0,100
PS4 Original Console 250GB - Black,0,100
PS4 Pro 1TB Console - Black,0,100
PS4 Pro 1TB Console - White,3,100
PS4 Pro 500GB Console - Black,0,100
PS4 Slim 1TB Console,0,100
PS4 Slim 1TB Console - Call of Duty: WWII Green Camouflage,0,100
PS4 Slim 1TB Console - White,0,100
PS4 Slim 500GB Console - Black,1,100
PS4 Slim 500GB Console - White,0,100
PS4 Slim 750GB Console - Black,0,100
PS4 Slim Black Shell,0,100
PS4 Slim Console - Black,0,100
PS4 Slim Console - No HDD,0,100
PS5 - OEM Controller God of War Ragnarök FBM,0,100
PS5 Controller OEM - Black,0,100
PS5 Controller OEM - Cobalt Blue,0,100
PS5 Controller OEM - Cosmic Red,0,100
PS5 Controller OEM - Cosmic Red,0,100
PS5 Controller OEM - Galactic Purple,0,100
PS5 Controller OEM - God of War: Ragnarok,0,100
PS5 Controller OEM - Gray Camo,0,100
PS5 Controller OEM - Nova Pink,0,100
PS5 Controller OEM - Spider Man 2 / Limited Edition,0,100
PS5 Controller OEM - Starlight Blue,0,100
PS5 Controller OEM - Starlight Blue,0,100
PS5 Controller OEM - White,0,100
PS5 Digital Edition Original - White,0,100
PS5 DualSense Wireless Controller Black,0,100
PS5 OEM Controller - Camo Gray - FBM,0,100
PS5 OEM Controller - Cobalt Blue - FBA,0,100
PS5 OEM Controller - Cosmic Red - FBM,0,100
PS5 OEM Controller - Spider-Man 2 - FBM,0,100
PS5 Slim Digital 1TB,0,100
Silcone Coushon For MetaQuest 2,500,100
Silicone for Nintendo Wii Remote - Black,5,100
Skin for Nintendo Wii Black,1100,100
Skin For Nintendo Wii White,4400,100
Sony Headset Accessories WHG900N,0,100
Sony Playstation 5 Slim Disc Edition,0,100
Sony PlayStation PS2 Fat Expansion Bay Covers,0,100
Sony Playstation Vita OLED,0,100
Sony Playstation VR2 Earbuds,15,100
Sony Playstation VR2 Headset,4,100
Sony Playstation VR2 OEM Controller - Left,0,100
Sony Playstation VR2 OEM Controller - Right,0,100
Sony Playstation VR2 OEM Headset,0,100
Sony PS3 OEM Move Motion Controller Black,0,100
Sony PSP - Power Supply,11,100
Sony PSP 1000 - Black,3,100
Sony PSP 1000 - Blue,0,100
Sony PSP 1000 - Silver,1,100
Sony PSP 1000 - White,6,100
Sony PSP-3000 Beige,0,100
Sony PSP-3000 Black,0,100
Sony PSP-3000 Blue,0,100
Sony PSP-3000 Pink,0,100
Sony PSP-3000 Red,0,100
Sony PSP-3000 Silver,0,100
Sony PSP-3000 White,0,100
Sony Pulse Explore Earbuds,0,100
SonyPlayStation 4 Original Console No HDD/F,0,100
Small Boxes,,100
SXbox One OEM Controller - Storm Gray,0,100
Universal Cable,230,100
USB C Cable - 3FT,942,100
USB to USBC cables,0,100
WF-1000XM4 - Black,0,100
Wii AC Adapter,656,100
Wii AV cables,1345,100
Wii Black Rubber Feet,4900,100
Wii Door - Black,1550,100
Wii Door - Red,60,100
Wii Door - White,500,100
Wii Nunchuck - Black,0,100
Wii Nunchuck - Red,0,100
Wii Nunchuck - White,90,100
Wii Remote Charging Dock - Black,1542,100
Wii Remote Charging Dock - White,0,100
Wii Remote Control - Black,1019,100
Wii Remote Control - Red,10,100
Wii Remote Control - White,48,100
Wii Remote Control OEM - Black,0,100
Wii Remote Control OEM - White,0,100
Wii Sensor Bar,1424,100
Wii White Rubber Feet,5700,100
Wrist Strap for MetaQuest 2,0,100
Wrist Strap for MetaQuest 3,225,100
Xbox 360 Controller Battery Cover Black,0,100
Xbox 360 Controller Battery Cover Pink,25,100
Xbox 360 Controller Battery Cover White,264,100
Xbox 360 E 250GB - Black,0,100
Xbox 360 E 4GB - Black,0,100
Xbox 360 E 500GB - Black,0,100
Xbox 360 E NO HDD - Black,4,100
"
XBOX 360 ELITE 0 GB - Black",125,100
Xbox 360 FAT 0 GB - Console Call of Duty Special Edition,0,100
Xbox 360 FAT 0 GB - Console Halo 3 Special Edition,0,100
XBOX 360 FAT 0 GB - Orange,0,100
XBOX 360 FAT 0 GB - Red,0,100
XBOX 360 FAT 0 GB - White,0,100
XBOX 360 FAT 0 GB Assassins Creed Special Edition,0,100
XBOX 360 FAT 107 GB - White,0,100
XBOX 360 FAT 115 MB - White,0,100
XBOX 360 ELITE 120 GB - Black,42,100
XBOX 360 FAT 14 GB - White,18,100
Xbox 360 fat 20gb hard drive,0,100
XBOX 360 FAT 215 MB - White,0,100
XBOX 360 FAT 250 GB - Black,0,100
XBOX 360 FAT 451 MB - White,0,100
XBOX 360 FAT 60 GB - White,0,100
Xbox 360 Kinect,0,100
Xbox 360 OEM Controller - Black,160,100
Xbox 360 OEM Controller - White,95,100
Xbox 360 Original Charger,0,100
Xbox 360 Oringial AV Cables,0,100
Xbox 360 Power Supply,500,100
Xbox 360 S Console - Black,0,100
Xbox 360 S Console - White,0,100
Xbox 360 Slim AC Power,67,100
Xbox 360 Slim Console - Black,16,100
Xbox 360 Slim Console - White,0,100
Xbox 360 Slim Console 100GB - Black,0,100
Xbox 360 Slim Console 250GB - Black,0,100
Xbox 360 Slim Console 250GB - Grey,0,100
Xbox 360 Slim Console 320GB - Black,0,100
Xbox 360 Slim Console 320GB - White,0,100
Xbox 360 Slim Console 4GB - Black,0,100
Xbox 360 Slim Console Limited Edition Halo 4 320GB,1,100
Xbox 360 Slim Console Limited Edition Kinect Star Wars - 320GB,4,100
Xbox 360 Slim Console NO HDD - Black,5,100
Xbox 360 Slim E - NO HDD,1,100
Xbox 360 USB cable,0,100
Xbox 360E Charger,10,100
Xbox Elite 1 Buttons Black,50,100
Xbox Elite 2 Buttons Black,200,100
Xbox Elite 2 Buttons Blue,25,100
Xbox Elite 2 Buttons Red,25,100
Xbox Elite 2 Controller Tension Tool,300,100
Xbox Elite 2 OEM Controller - Black,126,100
Xbox Elite 2 OEM Controller - White,17,100
Xbox Elite OEM Controller - Black,0,100
Xbox Elite OEM Controller - White,0,100
Xbox Elite ONE OEM Controller - Black,0,100
Xbox Elite ONE OEM Controller - Black / Blue / White,0,100
Xbox Elite ONE OEM Controller - Black / Gray,0,100
Xbox Elite ONE OEM Controller - Black / Red / White,0,100
Xbox Elite ONE OEM Controller - White,0,100
Xbox One 360 E - Black,0,100
Xbox One 500GB - Black,73,100
Xbox One AC Adapter,194,100
Xbox One Console - Black,0,100
Xbox One Console - White,0,100
Xbox One Console 1TB - Black,0,100
Xbox One Controller Battery Cover Black,160,100
Xbox One Controller Battery Cover Blue,25,100
Xbox One Controller Battery Cover White,186,100
xbox one kinect,0,100
Xbox One OEM Controller - Artic Camo (Gray),0,100
Xbox One OEM Controller - Black,0,100
Xbox One OEM Controller - Black (Joystick metalic green),0,100
Xbox One OEM Controller - Black / White,0,100
Xbox One OEM Controller - Blue,0,100
Xbox One OEM Controller - Blue / red,0,100
Xbox One OEM Controller - Blue Dark,0,100
Xbox One OEM Controller - Call of Duty advance (Gray),0,100
Xbox One OEM Controller - Creeper edition (Green),0,100
Xbox One OEM Controller - Fornite Purple special,0,100
Xbox One OEM Controller - Gear of War (Red),0,100
Xbox One OEM Controller - Gold / Black,0,100
Xbox One OEM Controller - Green Camo,0,100
Xbox One OEM Controller - Halo S. spartan Locke,0,100
Xbox One OEM Controller - Lunar White / Especial Edition,0,100
Xbox One OEM Controller - Night Ops Camo / Special edition,0,100
Xbox One OEM Controller - Phantom White / Limited Edition,0,100
Xbox One OEM Controller - Pig Edition (Pink),0,100
Xbox One OEM Controller - Red - Black,0,100
Xbox One OEM Controller - Sleek Dark Green,0,100
Xbox One OEM Controller - White,0,100
Xbox One S Console - Black,0,100
Xbox One S Console - White,0,100
Xbox One S Console 1TB - White,0,100
Xbox One S Console 500GB - Turquoise,1,100
Xbox One S Console 500GB - White,2,100
Xbox One S White - NO HDD,0,100
Xbox One S White Digital - 1TB,0,100
Xbox One X Console - Black 1TB,9,100
Xbox One X 1TB Console - White,1,100
Xbox One X Console - Black,0,100
Xbox One X Console - Black 500GB,1,100
Xbox One X Console - Black Digital No HDD,0,100
Xbox One X Console - Deep Blue,0,100
Xbox One X Console - White,0,100
Xbox One X Console - White 1TB,0,100
Xbox Original Console - Black,0,100
Xbox Original Console - White,0,100
Xbox Series OEM Controller - Black,0,100
Xbox Series OEM Controller - Blue / Black,0,100
Xbox Series OEM Controller - Blue / White,0,100
Xbox Series OEM Controller - Clear / Black / Green,0,100
Xbox Series OEM Controller - Gold / Black (Shadow),0,100
Xbox Series OEM Controller - Green / White,0,100
Xbox Series OEM Controller - Green Electric,0,100
Xbox Series OEM Controller - Pink / White,0,100
Xbox Series OEM Controller - Red / White,0,100
Xbox Series OEM Controller - Remix Special,0,100
Xbox Series OEM Controller - Stormcloud Vapor,0,100
Xbox Series OEM Controller - Turquoise Camo,0,100
Xbox Series OEM Controller - White,0,100
XBOX SERIES S 1TB Console Black,0,100
XBOX Series S 512GB Console - White,0,100
Xbox X Series Battery Cover - Black,25,100
Xbox X Series Battery Cover - White,25,100
Xbox 360 Elite 120GB hard drive,0,100
